Product URL,Product Name
https://www.amazon.com/Coop-Home-Goods-Adjustable-Hypoallergenic/dp/B01E0K35L6/ref=zg_bs_10671043011_1?_encoding=UTF8&refRID=XAYM1D8KKRG194A4VVV5 https://www.amazon.com/product-reviews/B01E0K35L6/ref=zg_bs_10671043011_cr_1?ie=UTF8&refRID=XAYM1D8KKRG194A4VVV5 https://www.amazon.com/product-reviews/B01E0K35L6/ref=zg_bs_10671043011_cr_1?ie=UTF8&refRID=XAYM1D8KKRG194A4VVV5 https://www.amazon.com/Coop-Home-Goods-Adjustable-Hypoallergenic/dp/B01E0K35L6/ref=zg_bs_10671043011_1?_encoding=UTF8&refRID=XAYM1D8KKRG194A4VVV5,Coop Home Goods - PREMIUM Adjustable Loft - Shredded Hypoallergenic Certipur Memory Foam…
https://www.amazon.com/Beckham-Hotel-Collection-Pillow-2-Pack/dp/B07D9T7BGS/ref=zg_bs_10671043011_2?_encoding=UTF8&refRID=XAYM1D8KKRG194A4VVV5 https://www.amazon.com/product-reviews/B07D9T7BGS/ref=zg_bs_10671043011_cr_2?ie=UTF8&refRID=XAYM1D8KKRG194A4VVV5 https://www.amazon.com/product-reviews/B07D9T7BGS/ref=zg_bs_10671043011_cr_2?ie=UTF8&refRID=XAYM1D8KKRG194A4VVV5 https://www.amazon.com/Beckham-Hotel-Collection-Pillow-2-Pack/dp/B07D9T7BGS/ref=zg_bs_10671043011_2?_encoding=UTF8&refRID=XAYM1D8KKRG194A4VVV5,Beckham Hotel Collection Gel Pillow (2-Pack) - Luxury Plush Gel Pillow - Dust Mite Resistant &…
https://www.amazon.com/Snuggle-Pedic-Ultra-Luxury-Combination-Adjustable-Hypoallergenic/dp/B07DVPL42M/ref=zg_bs_10671043011_3?_encoding=UTF8&refRID=XAYM1D8KKRG194A4VVV5 https://www.amazon.com/product-reviews/B07DVPL42M/ref=zg_bs_10671043011_cr_3?ie=UTF8&refRID=XAYM1D8KKRG194A4VVV5 https://www.amazon.com/product-reviews/B07DVPL42M/ref=zg_bs_10671043011_cr_3?ie=UTF8&refRID=XAYM1D8KKRG194A4VVV5 https://www.amazon.com/Snuggle-Pedic-Ultra-Luxury-Combination-Adjustable-Hypoallergenic/dp/B07DVPL42M/ref=zg_bs_10671043011_3?_encoding=UTF8&refRID=XAYM1D8KKRG194A4VVV5,Snuggle-Pedic Ultra-Luxury Bamboo Shredded Memory Foam Pillow Combination With…
https://www.amazon.com/Utopia-Bedding-Gusseted-Quilted-Pillows/dp/B07C8LV1XX/ref=zg_bs_10671043011_4?_encoding=UTF8&refRID=XAYM1D8KKRG194A4VVV5 https://www.amazon.com/product-reviews/B07C8LV1XX/ref=zg_bs_10671043011_cr_4?ie=UTF8&refRID=XAYM1D8KKRG194A4VVV5 https://www.amazon.com/product-reviews/B07C8LV1XX/ref=zg_bs_10671043011_cr_4?ie=UTF8&refRID=XAYM1D8KKRG194A4VVV5 https://www.amazon.com/Utopia-Bedding-Gusseted-Quilted-Pillows/dp/B07C8LV1XX/ref=zg_bs_10671043011_4?_encoding=UTF8&refRID=XAYM1D8KKRG194A4VVV5,Utopia Bedding Gusseted Quilted Pillows By
https://www.amazon.com/MyPillow-Classic-Pillow-Parent-Single/dp/B01I5GTTKW/ref=zg_bs_10671043011_5?_encoding=UTF8&refRID=XAYM1D8KKRG194A4VVV5 https://www.amazon.com/product-reviews/B01I5GTTKW/ref=zg_bs_10671043011_cr_5?ie=UTF8&refRID=XAYM1D8KKRG194A4VVV5 https://www.amazon.com/product-reviews/B01I5GTTKW/ref=zg_bs_10671043011_cr_5?ie=UTF8&refRID=XAYM1D8KKRG194A4VVV5 https://www.amazon.com/MyPillow-Classic-Pillow-Parent-Single/dp/B01I5GTTKW/ref=zg_bs_10671043011_5?_encoding=UTF8&refRID=XAYM1D8KKRG194A4VVV5,MyPillow Classic Series Bed Pillow Parent (Single Pillow)
https://www.amazon.com/Digital-Decor-Cotton-Down-Alternative-Pillows/dp/B077CPR6KG/ref=zg_bs_10671043011_6?_encoding=UTF8&refRID=XAYM1D8KKRG194A4VVV5 https://www.amazon.com/product-reviews/B077CPR6KG/ref=zg_bs_10671043011_cr_6?ie=UTF8&refRID=XAYM1D8KKRG194A4VVV5 https://www.amazon.com/product-reviews/B077CPR6KG/ref=zg_bs_10671043011_cr_6?ie=UTF8&refRID=XAYM1D8KKRG194A4VVV5 https://www.amazon.com/Digital-Decor-Cotton-Down-Alternative-Pillows/dp/B077CPR6KG/ref=zg_bs_10671043011_6?_encoding=UTF8&refRID=XAYM1D8KKRG194A4VVV5,Digital Decor Set of Two 100% Cotton Hotel Down-Alternative Made in USA Pillows - Three…
https://www.amazon.com/DreamNorth-PREMIUM-Collection-Resistant-Hypoallergenic/dp/B07FDKNF4Y/ref=zg_bs_10671043011_7?_encoding=UTF8&refRID=XAYM1D8KKRG194A4VVV5 https://www.amazon.com/product-reviews/B07FDKNF4Y/ref=zg_bs_10671043011_cr_7?ie=UTF8&refRID=XAYM1D8KKRG194A4VVV5 https://www.amazon.com/product-reviews/B07FDKNF4Y/ref=zg_bs_10671043011_cr_7?ie=UTF8&refRID=XAYM1D8KKRG194A4VVV5 https://www.amazon.com/DreamNorth-PREMIUM-Collection-Resistant-Hypoallergenic/dp/B07FDKNF4Y/ref=zg_bs_10671043011_7?_encoding=UTF8&refRID=XAYM1D8KKRG194A4VVV5,DreamNorth PREMIUM Gel Pillow Loft (Pack of 2) Luxury Plush Gel Bed Pillow For Home + Hotel…
https://www.amazon.com/AmazonBasics-Pillows/dp/B073FFBLFZ/ref=zg_bs_10671043011_8?_encoding=UTF8&refRID=XAYM1D8KKRG194A4VVV5 https://www.amazon.com/product-reviews/B073FFBLFZ/ref=zg_bs_10671043011_cr_8?ie=UTF8&refRID=XAYM1D8KKRG194A4VVV5 https://www.amazon.com/product-reviews/B073FFBLFZ/ref=zg_bs_10671043011_cr_8?ie=UTF8&refRID=XAYM1D8KKRG194A4VVV5 https://www.amazon.com/AmazonBasics-Pillows/dp/B073FFBLFZ/ref=zg_bs_10671043011_8?_encoding=UTF8&refRID=XAYM1D8KKRG194A4VVV5,AmazonBasics Pillows
https://www.amazon.com/WEEKENDER-Ventilated-Memory-Foam-Pillow/dp/B07FNBJQH2/ref=zg_bs_10671043011_9?_encoding=UTF8&refRID=XAYM1D8KKRG194A4VVV5 https://www.amazon.com/product-reviews/B07FNBJQH2/ref=zg_bs_10671043011_cr_9?ie=UTF8&refRID=XAYM1D8KKRG194A4VVV5 https://www.amazon.com/product-reviews/B07FNBJQH2/ref=zg_bs_10671043011_cr_9?ie=UTF8&refRID=XAYM1D8KKRG194A4VVV5 https://www.amazon.com/WEEKENDER-Ventilated-Memory-Foam-Pillow/dp/B07FNBJQH2/ref=zg_bs_10671043011_9?_encoding=UTF8&refRID=XAYM1D8KKRG194A4VVV5,WEEKENDER Ventilated Gel Memory Foam Pillow - Washable Cover
https://www.amazon.com/Classic-Brands-Reversible-Double-Sided-Comfortable/dp/B00MGLOX40/ref=zg_bs_10671043011_10?_encoding=UTF8&psc=1&refRID=XAYM1D8KKRG194A4VVV5 https://www.amazon.com/product-reviews/B00MGLOX40/ref=zg_bs_10671043011_cr_10?ie=UTF8&refRID=XAYM1D8KKRG194A4VVV5 https://www.amazon.com/product-reviews/B00MGLOX40/ref=zg_bs_10671043011_cr_10?ie=UTF8&refRID=XAYM1D8KKRG194A4VVV5 https://www.amazon.com/Classic-Brands-Reversible-Double-Sided-Comfortable/dp/B00MGLOX40/ref=zg_bs_10671043011_10?_encoding=UTF8&psc=1&refRID=XAYM1D8KKRG194A4VVV5,"Classic Brands Reversible Cool Gel and Memory Foam Double-Sided Pillow, Soft and…"
https://www.amazon.com/BioPEDIC-Ultra-Fresh-Anti-Odor-Technology-Standard/dp/B002IVTEH4/ref=zg_bs_10671043011_11?_encoding=UTF8&psc=1&refRID=XAYM1D8KKRG194A4VVV5 https://www.amazon.com/product-reviews/B002IVTEH4/ref=zg_bs_10671043011_cr_11?ie=UTF8&refRID=XAYM1D8KKRG194A4VVV5 https://www.amazon.com/product-reviews/B002IVTEH4/ref=zg_bs_10671043011_cr_11?ie=UTF8&refRID=XAYM1D8KKRG194A4VVV5 https://www.amazon.com/BioPEDIC-Ultra-Fresh-Anti-Odor-Technology-Standard/dp/B002IVTEH4/ref=zg_bs_10671043011_11?_encoding=UTF8&psc=1&refRID=XAYM1D8KKRG194A4VVV5,"BioPEDIC 4-Pack Bed Pillows with Built-In Ultra-Fresh Anti-Odor Technology, Standard Size, White"
https://www.amazon.com/WonderSleep-PREMIUM-Adjustable-Queen-2-Pack/dp/B073HRSHTQ/ref=zg_bs_10671043011_12?_encoding=UTF8&psc=1&refRID=XAYM1D8KKRG194A4VVV5 https://www.amazon.com/product-reviews/B073HRSHTQ/ref=zg_bs_10671043011_cr_12?ie=UTF8&refRID=XAYM1D8KKRG194A4VVV5 https://www.amazon.com/product-reviews/B073HRSHTQ/ref=zg_bs_10671043011_cr_12?ie=UTF8&refRID=XAYM1D8KKRG194A4VVV5 https://www.amazon.com/WonderSleep-PREMIUM-Adjustable-Queen-2-Pack/dp/B073HRSHTQ/ref=zg_bs_10671043011_12?_encoding=UTF8&psc=1&refRID=XAYM1D8KKRG194A4VVV5,WonderSleep PREMIUM Adjustable Loft [Queen Size 2-Pack] - Shredded Hypoallergenic Memory…
https://www.amazon.com/SmartHome-Bedding-2-Pack-Collection-Pillow/dp/B06ZZ55MZH/ref=zg_bs_10671043011_13?_encoding=UTF8&refRID=XAYM1D8KKRG194A4VVV5 https://www.amazon.com/product-reviews/B06ZZ55MZH/ref=zg_bs_10671043011_cr_13?ie=UTF8&refRID=XAYM1D8KKRG194A4VVV5 https://www.amazon.com/product-reviews/B06ZZ55MZH/ref=zg_bs_10671043011_cr_13?ie=UTF8&refRID=XAYM1D8KKRG194A4VVV5 https://www.amazon.com/SmartHome-Bedding-2-Pack-Collection-Pillow/dp/B06ZZ55MZH/ref=zg_bs_10671043011_13?_encoding=UTF8&refRID=XAYM1D8KKRG194A4VVV5,"SmartHome Bedding 2-Pack Hotel Collection Plush Pillow - Down Alternative Pillows,"
https://www.amazon.com/IZO-All-Supply-4-Pack-Pillow-Insert/dp/B07DWGSJQ2/ref=zg_bs_10671043011_14?_encoding=UTF8&refRID=XAYM1D8KKRG194A4VVV5 https://www.amazon.com/product-reviews/B07DWGSJQ2/ref=zg_bs_10671043011_cr_14?ie=UTF8&refRID=XAYM1D8KKRG194A4VVV5 https://www.amazon.com/product-reviews/B07DWGSJQ2/ref=zg_bs_10671043011_cr_14?ie=UTF8&refRID=XAYM1D8KKRG194A4VVV5 https://www.amazon.com/IZO-All-Supply-4-Pack-Pillow-Insert/dp/B07DWGSJQ2/ref=zg_bs_10671043011_14?_encoding=UTF8&refRID=XAYM1D8KKRG194A4VVV5,4-Pack-Pillow-Insert
https://www.amazon.com/Sleep-Restoration-Gel-Pillow-Comfortable/dp/B06VT26VB6/ref=zg_bs_10671043011_15?_encoding=UTF8&refRID=XAYM1D8KKRG194A4VVV5 https://www.amazon.com/product-reviews/B06VT26VB6/ref=zg_bs_10671043011_cr_15?ie=UTF8&refRID=XAYM1D8KKRG194A4VVV5 https://www.amazon.com/product-reviews/B06VT26VB6/ref=zg_bs_10671043011_cr_15?ie=UTF8&refRID=XAYM1D8KKRG194A4VVV5 https://www.amazon.com/Sleep-Restoration-Gel-Pillow-Comfortable/dp/B06VT26VB6/ref=zg_bs_10671043011_15?_encoding=UTF8&refRID=XAYM1D8KKRG194A4VVV5,Sleep Restoration Gel Pillow – Best Hotel Quality Comfortable & Plush Cooling Gel Fiber Filled…
https://www.amazon.com/Hoperay-Bed-Pillows-Sleeping-cover-Queen/dp/B07FMRJCWV/ref=zg_bs_10671043011_16?_encoding=UTF8&refRID=XAYM1D8KKRG194A4VVV5 https://www.amazon.com/product-reviews/B07FMRJCWV/ref=zg_bs_10671043011_cr_16?ie=UTF8&refRID=XAYM1D8KKRG194A4VVV5 https://www.amazon.com/product-reviews/B07FMRJCWV/ref=zg_bs_10671043011_cr_16?ie=UTF8&refRID=XAYM1D8KKRG194A4VVV5 https://www.amazon.com/Hoperay-Bed-Pillows-Sleeping-cover-Queen/dp/B07FMRJCWV/ref=zg_bs_10671043011_16?_encoding=UTF8&refRID=XAYM1D8KKRG194A4VVV5,Hoperay Bed Pillows for Sleeping - Shredded Memory Foam Pillow - PREMIUM Adjustable Loft…
https://www.amazon.com/Aller-Ease-Cotton-Allergy-Protection-26-inch/dp/B00VO1HFSO/ref=zg_bs_10671043011_17?_encoding=UTF8&refRID=XAYM1D8KKRG194A4VVV5 https://www.amazon.com/product-reviews/B00VO1HFSO/ref=zg_bs_10671043011_cr_17?ie=UTF8&refRID=XAYM1D8KKRG194A4VVV5 https://www.amazon.com/product-reviews/B00VO1HFSO/ref=zg_bs_10671043011_cr_17?ie=UTF8&refRID=XAYM1D8KKRG194A4VVV5 https://www.amazon.com/Aller-Ease-Cotton-Allergy-Protection-26-inch/dp/B00VO1HFSO/ref=zg_bs_10671043011_17?_encoding=UTF8&refRID=XAYM1D8KKRG194A4VVV5,"Aller-Ease 100% Cotton Allergy Protection Euro Pillow, 26-inch by 26-inch"
https://www.amazon.com/Sable-Registered-Alternative-Adjustable-Hypoallergenic/dp/B074Q8C7BY/ref=zg_bs_10671043011_18?_encoding=UTF8&psc=1&refRID=XAYM1D8KKRG194A4VVV5 https://www.amazon.com/product-reviews/B074Q8C7BY/ref=zg_bs_10671043011_cr_18?ie=UTF8&refRID=XAYM1D8KKRG194A4VVV5 https://www.amazon.com/product-reviews/B074Q8C7BY/ref=zg_bs_10671043011_cr_18?ie=UTF8&refRID=XAYM1D8KKRG194A4VVV5 https://www.amazon.com/Sable-Registered-Alternative-Adjustable-Hypoallergenic/dp/B074Q8C7BY/ref=zg_bs_10671043011_18?_encoding=UTF8&psc=1&refRID=XAYM1D8KKRG194A4VVV5,"Sable Pillows for Sleeping, Registered with FDA Goose Down Alternative Bed Pillow 2 Pack,…"
https://www.amazon.com/Coop-Home-Goods-EDEN-PILLOW/dp/B01M13ND2K/ref=zg_bs_10671043011_19?_encoding=UTF8&refRID=XAYM1D8KKRG194A4VVV5 https://www.amazon.com/product-reviews/B01M13ND2K/ref=zg_bs_10671043011_cr_19?ie=UTF8&refRID=XAYM1D8KKRG194A4VVV5 https://www.amazon.com/product-reviews/B01M13ND2K/ref=zg_bs_10671043011_cr_19?ie=UTF8&refRID=XAYM1D8KKRG194A4VVV5 https://www.amazon.com/Coop-Home-Goods-EDEN-PILLOW/dp/B01M13ND2K/ref=zg_bs_10671043011_19?_encoding=UTF8&refRID=XAYM1D8KKRG194A4VVV5,Coop Home Goods THE NEW EDEN PILLOW - Ultra Tech Cover with Gusset - ADJUSTABLE Fill…
https://www.amazon.com/MyPillow-Premium-Pillow-Parent-Single/dp/B07CQ3XSN6/ref=zg_bs_10671043011_20?_encoding=UTF8&refRID=XAYM1D8KKRG194A4VVV5 https://www.amazon.com/product-reviews/B07CQ3XSN6/ref=zg_bs_10671043011_cr_20?ie=UTF8&refRID=XAYM1D8KKRG194A4VVV5 https://www.amazon.com/product-reviews/B07CQ3XSN6/ref=zg_bs_10671043011_cr_20?ie=UTF8&refRID=XAYM1D8KKRG194A4VVV5 https://www.amazon.com/MyPillow-Premium-Pillow-Parent-Single/dp/B07CQ3XSN6/ref=zg_bs_10671043011_20?_encoding=UTF8&refRID=XAYM1D8KKRG194A4VVV5,MyPillow Premium Series Bed Pillow Parent (Single Pillow)
https://www.amazon.com/Plixio-Bamboo-Cooling-Shredded-Hypoallergenic/dp/B0176SPRZQ/ref=zg_bs_10671043011_21?_encoding=UTF8&psc=1&refRID=XAYM1D8KKRG194A4VVV5 https://www.amazon.com/product-reviews/B0176SPRZQ/ref=zg_bs_10671043011_cr_21?ie=UTF8&refRID=XAYM1D8KKRG194A4VVV5 https://www.amazon.com/product-reviews/B0176SPRZQ/ref=zg_bs_10671043011_cr_21?ie=UTF8&refRID=XAYM1D8KKRG194A4VVV5 https://www.amazon.com/Plixio-Bamboo-Cooling-Shredded-Hypoallergenic/dp/B0176SPRZQ/ref=zg_bs_10671043011_21?_encoding=UTF8&psc=1&refRID=XAYM1D8KKRG194A4VVV5,Plixio Bamboo Cooling Shredded Memory Foam Pillow with Hypoallergenic Cover- 2 Pack Queen
https://www.amazon.com/Comfort-Relax-Ventilated-AirCell-Technology/dp/B07CP5DGYH/ref=zg_bs_10671043011_22?_encoding=UTF8&refRID=XAYM1D8KKRG194A4VVV5 https://www.amazon.com/product-reviews/B07CP5DGYH/ref=zg_bs_10671043011_cr_22?ie=UTF8&refRID=XAYM1D8KKRG194A4VVV5 https://www.amazon.com/product-reviews/B07CP5DGYH/ref=zg_bs_10671043011_cr_22?ie=UTF8&refRID=XAYM1D8KKRG194A4VVV5 https://www.amazon.com/Comfort-Relax-Ventilated-AirCell-Technology/dp/B07CP5DGYH/ref=zg_bs_10671043011_22?_encoding=UTF8&refRID=XAYM1D8KKRG194A4VVV5,Comfort & Relax Ventilated Memory Foam Bed Pillow with AirCell Technology
https://www.amazon.com/Mediflow-1006-06afasdfaf-Original-Waterbase-Pillow/dp/B071WM4TYQ/ref=zg_bs_10671043011_23?_encoding=UTF8&refRID=XAYM1D8KKRG194A4VVV5 https://www.amazon.com/product-reviews/B071WM4TYQ/ref=zg_bs_10671043011_cr_23?ie=UTF8&refRID=XAYM1D8KKRG194A4VVV5 https://www.amazon.com/product-reviews/B071WM4TYQ/ref=zg_bs_10671043011_cr_23?ie=UTF8&refRID=XAYM1D8KKRG194A4VVV5 https://www.amazon.com/Mediflow-1006-06afasdfaf-Original-Waterbase-Pillow/dp/B071WM4TYQ/ref=zg_bs_10671043011_23?_encoding=UTF8&refRID=XAYM1D8KKRG194A4VVV5,Mediflow Original Waterbase Pillow
https://www.amazon.com/Acanva-Hypoallergenic-Soft-Pillows-Sleeping/dp/B07CWJNGFZ/ref=zg_bs_10671043011_24?_encoding=UTF8&refRID=XAYM1D8KKRG194A4VVV5 https://www.amazon.com/product-reviews/B07CWJNGFZ/ref=zg_bs_10671043011_cr_24?ie=UTF8&refRID=XAYM1D8KKRG194A4VVV5 https://www.amazon.com/product-reviews/B07CWJNGFZ/ref=zg_bs_10671043011_cr_24?ie=UTF8&refRID=XAYM1D8KKRG194A4VVV5 https://www.amazon.com/Acanva-Hypoallergenic-Soft-Pillows-Sleeping/dp/B07CWJNGFZ/ref=zg_bs_10671043011_24?_encoding=UTF8&refRID=XAYM1D8KKRG194A4VVV5,Acanva Hypoallergenic Soft Bed Pillows For Sleeping
https://www.amazon.com/Plixio-Deluxe-Cooling-Shredded-Hypoallergenic/dp/B076FGRHRV/ref=zg_bs_10671043011_25?_encoding=UTF8&psc=1&refRID=XAYM1D8KKRG194A4VVV5 https://www.amazon.com/product-reviews/B076FGRHRV/ref=zg_bs_10671043011_cr_25?ie=UTF8&refRID=XAYM1D8KKRG194A4VVV5 https://www.amazon.com/product-reviews/B076FGRHRV/ref=zg_bs_10671043011_cr_25?ie=UTF8&refRID=XAYM1D8KKRG194A4VVV5 https://www.amazon.com/Plixio-Deluxe-Cooling-Shredded-Hypoallergenic/dp/B076FGRHRV/ref=zg_bs_10671043011_25?_encoding=UTF8&psc=1&refRID=XAYM1D8KKRG194A4VVV5,Plixio Deluxe Cooling Shredded Memory Foam Pillow with Bamboo Hypoallergenic Cover- 2…
https://www.amazon.com/SLEEPY-FOLKS-Luxury-Pillow-Hypoallergenic/dp/B01KJY9XIQ/ref=zg_bs_10671043011_26?_encoding=UTF8&psc=1&refRID=XAYM1D8KKRG194A4VVV5 https://www.amazon.com/product-reviews/B01KJY9XIQ/ref=zg_bs_10671043011_cr_26?ie=UTF8&refRID=XAYM1D8KKRG194A4VVV5 https://www.amazon.com/product-reviews/B01KJY9XIQ/ref=zg_bs_10671043011_cr_26?ie=UTF8&refRID=XAYM1D8KKRG194A4VVV5 https://www.amazon.com/SLEEPY-FOLKS-Luxury-Pillow-Hypoallergenic/dp/B01KJY9XIQ/ref=zg_bs_10671043011_26?_encoding=UTF8&psc=1&refRID=XAYM1D8KKRG194A4VVV5,SLEEPY FOLKS Luxury Pillow - Pillows For Sleeping 2 Pack - Queen Standard Bed Pillows - Cool…
https://www.amazon.com/LANGRIA-Memory-Pillow-Curved-Design/dp/B0787FHVHB/ref=zg_bs_10671043011_27?_encoding=UTF8&refRID=XAYM1D8KKRG194A4VVV5 https://www.amazon.com/LANGRIA-Memory-Pillow-Curved-Design/dp/B0787FHVHB/ref=zg_bs_10671043011_27?_encoding=UTF8&refRID=XAYM1D8KKRG194A4VVV5,LANGRIA Memory Foam Bed Pillow Curved Design
https://www.amazon.com/Sweetnight-Adjustable-Relief-Shredded-Hypoallergenic-Removable/dp/B07BTSBGW3/ref=zg_bs_10671043011_28?_encoding=UTF8&refRID=XAYM1D8KKRG194A4VVV5 https://www.amazon.com/product-reviews/B07BTSBGW3/ref=zg_bs_10671043011_cr_28?ie=UTF8&refRID=XAYM1D8KKRG194A4VVV5 https://www.amazon.com/product-reviews/B07BTSBGW3/ref=zg_bs_10671043011_cr_28?ie=UTF8&refRID=XAYM1D8KKRG194A4VVV5 https://www.amazon.com/Sweetnight-Adjustable-Relief-Shredded-Hypoallergenic-Removable/dp/B07BTSBGW3/ref=zg_bs_10671043011_28?_encoding=UTF8&refRID=XAYM1D8KKRG194A4VVV5,"Sweetnight Pillows for Sleeping, Adjustable Loft & Neck Pain Relief-Shredded Hypoallergenic…"
https://www.amazon.com/Equinox-2-Pack-Bed-Pillows-Microfiber/dp/B075G1J3T8/ref=zg_bs_10671043011_29?_encoding=UTF8&refRID=XAYM1D8KKRG194A4VVV5 https://www.amazon.com/product-reviews/B075G1J3T8/ref=zg_bs_10671043011_cr_29?ie=UTF8&refRID=XAYM1D8KKRG194A4VVV5 https://www.amazon.com/product-reviews/B075G1J3T8/ref=zg_bs_10671043011_cr_29?ie=UTF8&refRID=XAYM1D8KKRG194A4VVV5 https://www.amazon.com/Equinox-2-Pack-Bed-Pillows-Microfiber/dp/B075G1J3T8/ref=zg_bs_10671043011_29?_encoding=UTF8&refRID=XAYM1D8KKRG194A4VVV5,"Equinox 2-Pack Bed Pillows - 20"" x 26"" - 900GSM Ultra Soft Sand Washed Cotton Cover, with Lofty…"
https://www.amazon.com/Lux-Decor-Collection-Gusseted-Quilted/dp/B07FMDCQKS/ref=zg_bs_10671043011_30?_encoding=UTF8&refRID=XAYM1D8KKRG194A4VVV5 https://www.amazon.com/product-reviews/B07FMDCQKS/ref=zg_bs_10671043011_cr_30?ie=UTF8&refRID=XAYM1D8KKRG194A4VVV5 https://www.amazon.com/product-reviews/B07FMDCQKS/ref=zg_bs_10671043011_cr_30?ie=UTF8&refRID=XAYM1D8KKRG194A4VVV5 https://www.amazon.com/Lux-Decor-Collection-Gusseted-Quilted/dp/B07FMDCQKS/ref=zg_bs_10671043011_30?_encoding=UTF8&refRID=XAYM1D8KKRG194A4VVV5,Lux Decor Collection Gusseted Quilted Bed Pillow - Set of 2 Premium Quality Bed Pillows For Side…
https://www.amazon.com/Comfort-Relax-Reversible-Memory-Pillow/dp/B07D6G11J9/ref=zg_bs_10671043011_31?_encoding=UTF8&refRID=XAYM1D8KKRG194A4VVV5 https://www.amazon.com/product-reviews/B07D6G11J9/ref=zg_bs_10671043011_cr_31?ie=UTF8&refRID=XAYM1D8KKRG194A4VVV5 https://www.amazon.com/product-reviews/B07D6G11J9/ref=zg_bs_10671043011_cr_31?ie=UTF8&refRID=XAYM1D8KKRG194A4VVV5 https://www.amazon.com/Comfort-Relax-Reversible-Memory-Pillow/dp/B07D6G11J9/ref=zg_bs_10671043011_31?_encoding=UTF8&refRID=XAYM1D8KKRG194A4VVV5,Comfort & Relax Reversible Memory Foam Gel Pillow
https://www.amazon.com/DOWNIGHT-Feather-Pillow-Insert-Fabric/dp/B079N8QTW1/ref=zg_bs_10671043011_32?_encoding=UTF8&refRID=XAYM1D8KKRG194A4VVV5 https://www.amazon.com/product-reviews/B079N8QTW1/ref=zg_bs_10671043011_cr_32?ie=UTF8&refRID=XAYM1D8KKRG194A4VVV5 https://www.amazon.com/product-reviews/B079N8QTW1/ref=zg_bs_10671043011_cr_32?ie=UTF8&refRID=XAYM1D8KKRG194A4VVV5 https://www.amazon.com/DOWNIGHT-Feather-Pillow-Insert-Fabric/dp/B079N8QTW1/ref=zg_bs_10671043011_32?_encoding=UTF8&refRID=XAYM1D8KKRG194A4VVV5,"DOWNIGHT Set of 2, Down and Feather Pillow Insert, The Fabric is Cotton"
https://www.amazon.com/White-Classic-Cotton-Resistant-FLATTENING/dp/B06VVJS2VB/ref=zg_bs_10671043011_33?_encoding=UTF8&refRID=XAYM1D8KKRG194A4VVV5 https://www.amazon.com/product-reviews/B06VVJS2VB/ref=zg_bs_10671043011_cr_33?ie=UTF8&refRID=XAYM1D8KKRG194A4VVV5 https://www.amazon.com/product-reviews/B06VVJS2VB/ref=zg_bs_10671043011_cr_33?ie=UTF8&refRID=XAYM1D8KKRG194A4VVV5 https://www.amazon.com/White-Classic-Cotton-Resistant-FLATTENING/dp/B06VVJS2VB/ref=zg_bs_10671043011_33?_encoding=UTF8&refRID=XAYM1D8KKRG194A4VVV5,"White Classic 100% Cotton Shell, Dust Mite Resistant, Retain in Shape, NO FLATTENING!"
https://www.amazon.com/puredown-Feather-Pillows-Sleeping-Pillow/dp/B07CG31MX7/ref=zg_bs_10671043011_34?_encoding=UTF8&refRID=XAYM1D8KKRG194A4VVV5 https://www.amazon.com/product-reviews/B07CG31MX7/ref=zg_bs_10671043011_cr_34?ie=UTF8&refRID=XAYM1D8KKRG194A4VVV5 https://www.amazon.com/product-reviews/B07CG31MX7/ref=zg_bs_10671043011_cr_34?ie=UTF8&refRID=XAYM1D8KKRG194A4VVV5 https://www.amazon.com/puredown-Feather-Pillows-Sleeping-Pillow/dp/B07CG31MX7/ref=zg_bs_10671043011_34?_encoding=UTF8&refRID=XAYM1D8KKRG194A4VVV5,"puredown Goose Down Feather Pillows for Sleeping, Down Pillow, Cotton Pillow Cover, for…"
https://www.amazon.com/Original-Bamboo-Diamond-Series-Pillow/dp/B078GXKSB1/ref=zg_bs_10671043011_35?_encoding=UTF8&refRID=XAYM1D8KKRG194A4VVV5 https://www.amazon.com/product-reviews/B078GXKSB1/ref=zg_bs_10671043011_cr_35?ie=UTF8&refRID=XAYM1D8KKRG194A4VVV5 https://www.amazon.com/product-reviews/B078GXKSB1/ref=zg_bs_10671043011_cr_35?ie=UTF8&refRID=XAYM1D8KKRG194A4VVV5 https://www.amazon.com/Original-Bamboo-Diamond-Series-Pillow/dp/B078GXKSB1/ref=zg_bs_10671043011_35?_encoding=UTF8&refRID=XAYM1D8KKRG194A4VVV5,Original Bamboo Diamond Series Pillow
https://www.amazon.com/Purple-Pillow-Supportive-Gentle-Cooler/dp/B0741QPZR5/ref=zg_bs_10671043011_36?_encoding=UTF8&psc=1&refRID=XAYM1D8KKRG194A4VVV5 https://www.amazon.com/product-reviews/B0741QPZR5/ref=zg_bs_10671043011_cr_36?ie=UTF8&refRID=XAYM1D8KKRG194A4VVV5 https://www.amazon.com/product-reviews/B0741QPZR5/ref=zg_bs_10671043011_cr_36?ie=UTF8&refRID=XAYM1D8KKRG194A4VVV5 https://www.amazon.com/Purple-Pillow-Supportive-Gentle-Cooler/dp/B0741QPZR5/ref=zg_bs_10671043011_36?_encoding=UTF8&psc=1&refRID=XAYM1D8KKRG194A4VVV5,Purple Pillow - Supportive Pillow That is Gentle On Your Spine So Your Head Can Relax Into The…
https://www.amazon.com/downluxe-Hypoallergenic-Down-Alternative-pillows/dp/B077NYZJFP/ref=zg_bs_10671043011_37?_encoding=UTF8&refRID=XAYM1D8KKRG194A4VVV5 https://www.amazon.com/product-reviews/B077NYZJFP/ref=zg_bs_10671043011_cr_37?ie=UTF8&refRID=XAYM1D8KKRG194A4VVV5 https://www.amazon.com/product-reviews/B077NYZJFP/ref=zg_bs_10671043011_cr_37?ie=UTF8&refRID=XAYM1D8KKRG194A4VVV5 https://www.amazon.com/downluxe-Hypoallergenic-Down-Alternative-pillows/dp/B077NYZJFP/ref=zg_bs_10671043011_37?_encoding=UTF8&refRID=XAYM1D8KKRG194A4VVV5,downluxe Set of 2 Hypoallergenic Down Alternative bed pillows - Hotel Collection Plush…
https://www.amazon.com/Perfect-Fit-Thread-Count-Quilted-Sidewall/dp/B00KQJCI4Q/ref=zg_bs_10671043011_38?_encoding=UTF8&refRID=XAYM1D8KKRG194A4VVV5 https://www.amazon.com/product-reviews/B00KQJCI4Q/ref=zg_bs_10671043011_cr_38?ie=UTF8&refRID=XAYM1D8KKRG194A4VVV5 https://www.amazon.com/product-reviews/B00KQJCI4Q/ref=zg_bs_10671043011_cr_38?ie=UTF8&refRID=XAYM1D8KKRG194A4VVV5 https://www.amazon.com/Perfect-Fit-Thread-Count-Quilted-Sidewall/dp/B00KQJCI4Q/ref=zg_bs_10671043011_38?_encoding=UTF8&refRID=XAYM1D8KKRG194A4VVV5,"Perfect Fit 233 Thread-Count Quilted Sidewall Pillow 2 Pack, White"
https://www.amazon.com/Cooling-Bamboo-Pillow-Adjustable-Shredded/dp/B07FXV6XDS/ref=zg_bs_10671043011_39?_encoding=UTF8&refRID=XAYM1D8KKRG194A4VVV5 https://www.amazon.com/product-reviews/B07FXV6XDS/ref=zg_bs_10671043011_cr_39?ie=UTF8&refRID=XAYM1D8KKRG194A4VVV5 https://www.amazon.com/product-reviews/B07FXV6XDS/ref=zg_bs_10671043011_cr_39?ie=UTF8&refRID=XAYM1D8KKRG194A4VVV5 https://www.amazon.com/Cooling-Bamboo-Pillow-Adjustable-Shredded/dp/B07FXV6XDS/ref=zg_bs_10671043011_39?_encoding=UTF8&refRID=XAYM1D8KKRG194A4VVV5,Cooling Bamboo Pillow- Adjustable Loft Cooling Shredded Memory Foam Bed Pillow
https://www.amazon.com/TEMPUR/dp/B07FPFNP7B/ref=zg_bs_10671043011_40?_encoding=UTF8&refRID=XAYM1D8KKRG194A4VVV5 https://www.amazon.com/product-reviews/B07FPFNP7B/ref=zg_bs_10671043011_cr_40?ie=UTF8&refRID=XAYM1D8KKRG194A4VVV5 https://www.amazon.com/product-reviews/B07FPFNP7B/ref=zg_bs_10671043011_cr_40?ie=UTF8&refRID=XAYM1D8KKRG194A4VVV5 https://www.amazon.com/TEMPUR/dp/B07FPFNP7B/ref=zg_bs_10671043011_40?_encoding=UTF8&refRID=XAYM1D8KKRG194A4VVV5,TEMPUR
https://www.amazon.com/STARS-UNITED-Pillows-Sleeping-Hypoallergenic/dp/B07G5JHX9D/ref=zg_bs_10671043011_41?_encoding=UTF8&refRID=XAYM1D8KKRG194A4VVV5 https://www.amazon.com/product-reviews/B07G5JHX9D/ref=zg_bs_10671043011_cr_41?ie=UTF8&refRID=XAYM1D8KKRG194A4VVV5 https://www.amazon.com/product-reviews/B07G5JHX9D/ref=zg_bs_10671043011_cr_41?ie=UTF8&refRID=XAYM1D8KKRG194A4VVV5 https://www.amazon.com/STARS-UNITED-Pillows-Sleeping-Hypoallergenic/dp/B07G5JHX9D/ref=zg_bs_10671043011_41?_encoding=UTF8&refRID=XAYM1D8KKRG194A4VVV5,"5 STARS UNITED Bed Pillows for Sleeping - 20x36, 2-Pack - Mid Loft - Soft Fiber Fill…"
https://www.amazon.com/Bluewave-Bedding-Gel-Infused-Memory-Pillows/dp/B01LFGIB6C/ref=zg_bs_10671043011_42?_encoding=UTF8&refRID=XAYM1D8KKRG194A4VVV5 https://www.amazon.com/product-reviews/B01LFGIB6C/ref=zg_bs_10671043011_cr_42?ie=UTF8&refRID=XAYM1D8KKRG194A4VVV5 https://www.amazon.com/product-reviews/B01LFGIB6C/ref=zg_bs_10671043011_cr_42?ie=UTF8&refRID=XAYM1D8KKRG194A4VVV5 https://www.amazon.com/Bluewave-Bedding-Gel-Infused-Memory-Pillows/dp/B01LFGIB6C/ref=zg_bs_10671043011_42?_encoding=UTF8&refRID=XAYM1D8KKRG194A4VVV5,"Bluewave Bedding Slim, Super Slim, and Ultra Slim Gel-Infused Memory Foam Pillows"
https://www.amazon.com/EPABO-Orthopedic-Sleeping-Ergonomic-Cervical/dp/B07BKVG42X/ref=zg_bs_10671043011_43?_encoding=UTF8&psc=1&refRID=XAYM1D8KKRG194A4VVV5 https://www.amazon.com/product-reviews/B07BKVG42X/ref=zg_bs_10671043011_cr_43?ie=UTF8&refRID=XAYM1D8KKRG194A4VVV5 https://www.amazon.com/product-reviews/B07BKVG42X/ref=zg_bs_10671043011_cr_43?ie=UTF8&refRID=XAYM1D8KKRG194A4VVV5 https://www.amazon.com/EPABO-Orthopedic-Sleeping-Ergonomic-Cervical/dp/B07BKVG42X/ref=zg_bs_10671043011_43?_encoding=UTF8&psc=1&refRID=XAYM1D8KKRG194A4VVV5,"EPABO Contour Memory Foam Pillow Orthopedic Sleeping Pillows, Ergonomic Cervical Pillow For…"
https://www.amazon.com/NANKO-pieceLuxury-Hypoallergenic-Microfiber-Comforter/dp/B07DLY2NX7/ref=zg_bs_10671043011_44?_encoding=UTF8&refRID=XAYM1D8KKRG194A4VVV5 https://www.amazon.com/product-reviews/B07DLY2NX7/ref=zg_bs_10671043011_cr_44?ie=UTF8&refRID=XAYM1D8KKRG194A4VVV5 https://www.amazon.com/product-reviews/B07DLY2NX7/ref=zg_bs_10671043011_cr_44?ie=UTF8&refRID=XAYM1D8KKRG194A4VVV5 https://www.amazon.com/NANKO-pieceLuxury-Hypoallergenic-Microfiber-Comforter/dp/B07DLY2NX7/ref=zg_bs_10671043011_44?_encoding=UTF8&refRID=XAYM1D8KKRG194A4VVV5,"NANKO Queen Bedding Duvet Cover Set White Black Marble, 3 pieceLuxury Hypoallergenic…"
https://www.amazon.com/Bedsure-Memory-Pillow-Contour-sleepers/dp/B07FZZ52KW/ref=zg_bs_10671043011_45?_encoding=UTF8&refRID=XAYM1D8KKRG194A4VVV5 https://www.amazon.com/product-reviews/B07FZZ52KW/ref=zg_bs_10671043011_cr_45?ie=UTF8&refRID=XAYM1D8KKRG194A4VVV5 https://www.amazon.com/product-reviews/B07FZZ52KW/ref=zg_bs_10671043011_cr_45?ie=UTF8&refRID=XAYM1D8KKRG194A4VVV5 https://www.amazon.com/Bedsure-Memory-Pillow-Contour-sleepers/dp/B07FZZ52KW/ref=zg_bs_10671043011_45?_encoding=UTF8&refRID=XAYM1D8KKRG194A4VVV5,Bedsure Memory Foam Pillow Contour Pillow for side sleepers
https://www.amazon.com/Alternative-Registered-Adjustable-Hypoallergenic-Sable/dp/B071NFFQ3P/ref=zg_bs_10671043011_46?_encoding=UTF8&psc=1&refRID=XAYM1D8KKRG194A4VVV5 https://www.amazon.com/product-reviews/B071NFFQ3P/ref=zg_bs_10671043011_cr_46?ie=UTF8&refRID=XAYM1D8KKRG194A4VVV5 https://www.amazon.com/product-reviews/B071NFFQ3P/ref=zg_bs_10671043011_cr_46?ie=UTF8&refRID=XAYM1D8KKRG194A4VVV5 https://www.amazon.com/Alternative-Registered-Adjustable-Hypoallergenic-Sable/dp/B071NFFQ3P/ref=zg_bs_10671043011_46?_encoding=UTF8&psc=1&refRID=XAYM1D8KKRG194A4VVV5,"Pillows for Sleeping, Goose Down Alternative Quilted Bed Pillow 2 Pack, FDA Registered, Super…"
https://www.amazon.com/LANGRIA-Collection-Alternative-Comfortable-Hypoallergenic/dp/B01F8TGD08/ref=zg_bs_10671043011_47?_encoding=UTF8&psc=1&refRID=XAYM1D8KKRG194A4VVV5 https://www.amazon.com/product-reviews/B01F8TGD08/ref=zg_bs_10671043011_cr_47?ie=UTF8&refRID=XAYM1D8KKRG194A4VVV5 https://www.amazon.com/product-reviews/B01F8TGD08/ref=zg_bs_10671043011_cr_47?ie=UTF8&refRID=XAYM1D8KKRG194A4VVV5 https://www.amazon.com/LANGRIA-Collection-Alternative-Comfortable-Hypoallergenic/dp/B01F8TGD08/ref=zg_bs_10671043011_47?_encoding=UTF8&psc=1&refRID=XAYM1D8KKRG194A4VVV5,LANGRIA Luxury Hotel Collection Bed Pillows Plush Down Alternative Sleeping Pillow 100%…
https://www.amazon.com/Fashion-Earrings-Brincos-Sterling-Crystal/dp/B07FCWN81S/ref=zg_bs_10671043011_48?_encoding=UTF8&refRID=XAYM1D8KKRG194A4VVV5 https://www.amazon.com/product-reviews/B07FCWN81S/ref=zg_bs_10671043011_cr_48?ie=UTF8&refRID=XAYM1D8KKRG194A4VVV5 https://www.amazon.com/product-reviews/B07FCWN81S/ref=zg_bs_10671043011_cr_48?ie=UTF8&refRID=XAYM1D8KKRG194A4VVV5 https://www.amazon.com/Fashion-Earrings-Brincos-Sterling-Crystal/dp/B07FCWN81S/ref=zg_bs_10671043011_48?_encoding=UTF8&refRID=XAYM1D8KKRG194A4VVV5,Fashion Crown 18k Gold Plated Earrings Women Brincos De Prata Men Sterling Silver Crystal…
https://www.amazon.com/Beautyrest-Latex-Foam-Pillow-Standard/dp/B013SK7VWI/ref=zg_bs_10671043011_49?_encoding=UTF8&refRID=XAYM1D8KKRG194A4VVV5 https://www.amazon.com/product-reviews/B013SK7VWI/ref=zg_bs_10671043011_cr_49?ie=UTF8&refRID=XAYM1D8KKRG194A4VVV5 https://www.amazon.com/product-reviews/B013SK7VWI/ref=zg_bs_10671043011_cr_49?ie=UTF8&refRID=XAYM1D8KKRG194A4VVV5 https://www.amazon.com/Beautyrest-Latex-Foam-Pillow-Standard/dp/B013SK7VWI/ref=zg_bs_10671043011_49?_encoding=UTF8&refRID=XAYM1D8KKRG194A4VVV5,"Beautyrest Latex Foam Pillow, Standard Size"
https://www.amazon.com/Sleep-Whale-Premium-Adjustable-Shredded/dp/B01ICK7ZHU/ref=zg_bs_10671043011_50?_encoding=UTF8&psc=1&refRID=XAYM1D8KKRG194A4VVV5 https://www.amazon.com/product-reviews/B01ICK7ZHU/ref=zg_bs_10671043011_cr_50?ie=UTF8&refRID=XAYM1D8KKRG194A4VVV5 https://www.amazon.com/product-reviews/B01ICK7ZHU/ref=zg_bs_10671043011_cr_50?ie=UTF8&refRID=XAYM1D8KKRG194A4VVV5 https://www.amazon.com/Sleep-Whale-Premium-Adjustable-Shredded/dp/B01ICK7ZHU/ref=zg_bs_10671043011_50?_encoding=UTF8&psc=1&refRID=XAYM1D8KKRG194A4VVV5,Sleep Whale - Premium Adjustable Shredded Memory Foam Pillow Derived from Bamboo…